{
    "key": "group_5c8025a64cdb7",
    "title": "Knowledge Base Options Single",
    "fields": [
        {
            "key": "field_5c3e1f3210e3f",
            "label": "Meta",
            "name": "pakb_meta",
            "type": "true_false",
            "instructions": "",
            "required": 0,
            "conditional_logic": 0,
            "wrapper": {
                "width": "",
                "class": "",
                "id": ""
            },
            "message": "Display article meta info",
            "default_value": 1,
            "ui": 0,
            "ui_on_text": "",
            "ui_off_text": ""
        },
        {
            "key": "field_5c3e1f6710e40",
            "label": "Meta Info",
            "name": "pakb_meta_info",
            "type": "checkbox",
            "instructions": "",
            "required": 0,
            "conditional_logic": [
                [
                    {
                        "field": "field_5c3e1f3210e3f",
                        "operator": "==",
                        "value": "1"
                    }
                ]
            ],
            "wrapper": {
                "width": "",
                "class": "",
                "id": ""
            },
            "choices": {
                "updated": "Updated",
                "category": "Category",
                "tags": "Tags"
            },
            "allow_custom": 0,
            "default_value": [
                "updated",
                "category",
                "tags"
            ],
            "layout": "vertical",
            "toggle": 0,
            "return_format": "value",
            "save_custom": 0
        },
        {
            "key": "field_5c3e23cd2cc46",
            "label": "Table of Contents",
            "name": "pakb_toc",
            "type": "true_false",
            "instructions": "",
            "required": 0,
            "conditional_logic": 0,
            "wrapper": {
                "width": "",
                "class": "",
                "id": ""
            },
            "message": "Enable table of contents",
            "default_value": 1,
            "ui": 0,
            "ui_on_text": "",
            "ui_off_text": ""
        },
        {
            "key": "field_5c3e257d6ac54",
            "label": "Table of Contents Title",
            "name": "pakb_toc_title",
            "type": "text",
            "instructions": "",
            "required": 0,
            "conditional_logic": [
                [
                    {
                        "field": "field_5c3e23cd2cc46",
                        "operator": "==",
                        "value": "1"
                    }
                ]
            ],
            "wrapper": {
                "width": "",
                "class": "",
                "id": ""
            },
            "default_value": "Article sections",
            "placeholder": "",
            "prepend": "",
            "append": "",
            "maxlength": ""
        },
        {
            "key": "field_5c3e2759bdfd1",
            "label": "Heading Selectors",
            "name": "pakb_toc_selectors",
            "type": "text",
            "instructions": "Comma-separated selectors for table of contents.",
            "required": 0,
            "conditional_logic": [
                [
                    {
                        "field": "field_5c3e23cd2cc46",
                        "operator": "==",
                        "value": "1"
                    }
                ]
            ],
            "wrapper": {
                "width": "",
                "class": "",
                "id": ""
            },
            "default_value": "h2,h3,h4",
            "placeholder": "",
            "prepend": "",
            "append": "",
            "maxlength": ""
        },
        {
            "key": "field_5c3e2689bdfd0",
            "label": "Scroll Offset",
            "name": "pakb_toc_offset",
            "type": "number",
            "instructions": "Table of contents scroll offset from the top of the browser in px.",
            "required": 0,
            "conditional_logic": [
                [
                    {
                        "field": "field_5c3e23cd2cc46",
                        "operator": "==",
                        "value": "1"
                    }
                ]
            ],
            "wrapper": {
                "width": "",
                "class": "",
                "id": ""
            },
            "default_value": 100,
            "placeholder": "",
            "prepend": "",
            "append": "px",
            "min": "",
            "max": "",
            "step": ""
        },
        {
            "key": "field_5c3e31e3e2023",
            "label": "Comments",
            "name": "pakb_comments",
            "type": "true_false",
            "instructions": "Requires theme support.",
            "required": 0,
            "conditional_logic": 0,
            "wrapper": {
                "width": "",
                "class": "",
                "id": ""
            },
            "message": "Enable article comments",
            "default_value": 0,
            "ui": 0,
            "ui_on_text": "",
            "ui_off_text": ""
        },
        {
            "key": "field_5c3e3262e2024",
            "label": "Related Articles",
            "name": "pakb_related_articles",
            "type": "true_false",
            "instructions": "",
            "required": 0,
            "conditional_logic": 0,
            "wrapper": {
                "width": "",
                "class": "",
                "id": ""
            },
            "message": "Display related articles",
            "default_value": 1,
            "ui": 0,
            "ui_on_text": "",
            "ui_off_text": ""
        },
        {
            "key": "field_5c476802820da",
            "label": "Related Count",
            "name": "pakb_related_count",
            "type": "number",
            "instructions": "",
            "required": 0,
            "conditional_logic": [
                [
                    {
                        "field": "field_5c3e3262e2024",
                        "operator": "==",
                        "value": "1"
                    }
                ]
            ],
            "wrapper": {
                "width": "",
                "class": "",
                "id": ""
            },
            "default_value": 10,
            "placeholder": "",
            "prepend": "",
            "append": "",
            "min": "",
            "max": "",
            "step": ""
        },
        {
            "key": "field_5c46453289429",
            "label": "Attachments",
            "name": "pakb_attachments",
            "type": "true_false",
            "instructions": "Attachments can be displayed also using <code>[pakb_attachments]<\/code> shortcode or editor block.",
            "required": 0,
            "conditional_logic": 0,
            "wrapper": {
                "width": "",
                "class": "",
                "id": ""
            },
            "message": "Display attachments below the article content",
            "default_value": 0,
            "ui": 0,
            "ui_on_text": "",
            "ui_off_text": ""
        },
        {
            "key": "field_5c461153f5bec",
            "label": "Attachment Info",
            "name": "pakb_attachment_info",
            "type": "flexible_content",
            "instructions": "Customize what information is displayed for files.",
            "required": 0,
            "conditional_logic": 0,
            "wrapper": {
                "width": "",
                "class": "",
                "id": ""
            },
            "layouts": {
                "layout_5c46160360632": {
                    "key": "layout_5c46160360632",
                    "name": "filename",
                    "label": "Filename",
                    "display": "block",
                    "sub_fields": [],
                    "min": "",
                    "max": "1"
                },
                "layout_5c46166060634": {
                    "key": "layout_5c46166060634",
                    "name": "description",
                    "label": "Description",
                    "display": "block",
                    "sub_fields": [],
                    "min": "",
                    "max": "1"
                },
                "layout_5c4616d260638": {
                    "key": "layout_5c4616d260638",
                    "name": "author",
                    "label": "Author",
                    "display": "block",
                    "sub_fields": [],
                    "min": "",
                    "max": "1"
                },
                "layout_5c46169360636": {
                    "key": "layout_5c46169360636",
                    "name": "type",
                    "label": "Type",
                    "display": "block",
                    "sub_fields": [],
                    "min": "",
                    "max": "1"
                },
                "layout_5c46167660635": {
                    "key": "layout_5c46167660635",
                    "name": "modified",
                    "label": "Modified Date",
                    "display": "block",
                    "sub_fields": [],
                    "min": "",
                    "max": "1"
                },
                "layout_5c46169f60637": {
                    "key": "layout_5c46169f60637",
                    "name": "size",
                    "label": "Size",
                    "display": "block",
                    "sub_fields": [],
                    "min": "",
                    "max": "1"
                }
            },
            "button_label": "Add File Info",
            "min": "",
            "max": ""
        }
    ],
    "location": [
        [
            {
                "param": "options_page",
                "operator": "==",
                "value": "pakb-options-single"
            }
        ]
    ],
    "menu_order": 0,
    "position": "normal",
    "style": "seamless",
    "label_placement": "left",
    "instruction_placement": "field",
    "hide_on_screen": "",
    "active": 1,
    "description": "",
    "modified": 1552397149
}