{
    "key": "group_5c8025d082203",
    "title": "Knowledge Base Options Search",
    "fields": [
        {
            "key": "field_5c3f5247da5c6",
            "label": "Search",
            "name": "pakb_search",
            "type": "checkbox",
            "instructions": "",
            "required": 0,
            "conditional_logic": 0,
            "wrapper": {
                "width": "",
                "class": "",
                "id": ""
            },
            "choices": {
                "category": "Display search on category page",
                "single": "Display search on single page"
            },
            "allow_custom": 0,
            "default_value": [
                "category",
                "single"
            ],
            "layout": "vertical",
            "toggle": 0,
            "return_format": "value",
            "save_custom": 0
        },
        {
            "key": "field_5c3f52e8da5c7",
            "label": "Placeholder",
            "name": "pakb_search_placeholder",
            "type": "text",
            "instructions": "",
            "required": 0,
            "conditional_logic": 0,
            "wrapper": {
                "width": "",
                "class": "",
                "id": ""
            },
            "default_value": "Search for answers",
            "placeholder": "",
            "prepend": "",
            "append": "",
            "maxlength": ""
        },
        {
            "key": "field_5c3f533fda5c8",
            "label": "Live Search",
            "name": "pakb_search_live",
            "type": "true_false",
            "instructions": "",
            "required": 0,
            "conditional_logic": 0,
            "wrapper": {
                "width": "",
                "class": "",
                "id": ""
            },
            "message": "Enable live search results",
            "default_value": 1,
            "ui": 0,
            "ui_on_text": "",
            "ui_off_text": ""
        },
        {
            "key": "field_5c477c42bde92",
            "label": "Search In",
            "name": "pakb_search_in",
            "type": "radio",
            "instructions": "Applies to live search only.",
            "required": 0,
            "conditional_logic": [
                [
                    {
                        "field": "field_5c3f533fda5c8",
                        "operator": "==",
                        "value": "1"
                    }
                ]
            ],
            "wrapper": {
                "width": "",
                "class": "",
                "id": ""
            },
            "choices": {
                "title": "Title",
                "title_content": "Title & Content"
            },
            "allow_null": 0,
            "other_choice": 0,
            "default_value": "title_content",
            "layout": "vertical",
            "return_format": "value",
            "save_other_choice": 0
        },
        {
            "key": "field_5c3f5391da5c9",
            "label": "Categories",
            "name": "pakb_search_category",
            "type": "true_false",
            "instructions": "",
            "required": 0,
            "conditional_logic": [
                [
                    {
                        "field": "field_5c3f533fda5c8",
                        "operator": "==",
                        "value": "1"
                    }
                ]
            ],
            "wrapper": {
                "width": "",
                "class": "",
                "id": ""
            },
            "message": "Display categories in live search results",
            "default_value": 1,
            "ui": 0,
            "ui_on_text": "",
            "ui_off_text": ""
        }
    ],
    "location": [
        [
            {
                "param": "options_page",
                "operator": "==",
                "value": "pakb-options-search"
            }
        ]
    ],
    "menu_order": 0,
    "position": "normal",
    "style": "seamless",
    "label_placement": "left",
    "instruction_placement": "field",
    "hide_on_screen": "",
    "active": 1,
    "description": "",
    "modified": 1552498834
}