{
    "key": "group_5c40ba6fbe4bd",
    "title": "Knowledge Base Widget Categories",
    "fields": [
        {
            "key": "field_5c40bcae5dbc9",
            "label": "Title",
            "name": "categories_title",
            "type": "text",
            "instructions": "",
            "required": 0,
            "conditional_logic": 0,
            "wrapper": {
                "width": "",
                "class": "",
                "id": ""
            },
            "default_value": "Knowledge Base Categories",
            "placeholder": "",
            "prepend": "",
            "append": "",
            "maxlength": ""
        },
        {
            "key": "field_5c40bcea5dbca",
            "label": "Number of Categories",
            "name": "categories_number",
            "type": "number",
            "instructions": "",
            "required": 0,
            "conditional_logic": 0,
            "wrapper": {
                "width": "",
                "class": "",
                "id": ""
            },
            "default_value": 10,
            "placeholder": "",
            "prepend": "",
            "append": "",
            "min": "",
            "max": "",
            "step": ""
        },
        {
            "key": "field_5c40bedd659aa",
            "label": "Order By",
            "name": "categories_orderby",
            "type": "radio",
            "instructions": "",
            "required": 0,
            "conditional_logic": 0,
            "wrapper": {
                "width": "",
                "class": "",
                "id": ""
            },
            "choices": {
                "name": "Title",
                "term_group": "Drag & Drop"
            },
            "allow_null": 0,
            "other_choice": 0,
            "default_value": "name",
            "layout": "vertical",
            "return_format": "value",
            "save_other_choice": 0
        },
        {
            "key": "field_5c40bf8e659ab",
            "label": "Order",
            "name": "categories_order",
            "type": "radio",
            "instructions": "",
            "required": 0,
            "conditional_logic": 0,
            "wrapper": {
                "width": "",
                "class": "",
                "id": ""
            },
            "choices": {
                "ASC": "Ascending",
                "DESC": "Descending"
            },
            "allow_null": 0,
            "other_choice": 0,
            "default_value": "ASC",
            "layout": "vertical",
            "return_format": "value",
            "save_other_choice": 0
        },
        {
            "key": "field_5c40bfe3659ac",
            "label": "Display Count",
            "name": "categories_count",
            "type": "checkbox",
            "instructions": "",
            "required": 0,
            "conditional_logic": 0,
            "wrapper": {
                "width": "",
                "class": "",
                "id": ""
            },
            "choices": {
                "1": "Yes"
            },
            "allow_custom": 0,
            "default_value": [],
            "layout": "vertical",
            "toggle": 0,
            "return_format": "value",
            "save_custom": 0
        }
    ],
    "location": [
        [
            {
                "param": "widget",
                "operator": "==",
                "value": "knowledge_base_categories"
            }
        ]
    ],
    "menu_order": 0,
    "position": "normal",
    "style": "default",
    "label_placement": "top",
    "instruction_placement": "label",
    "hide_on_screen": "",
    "active": 1,
    "description": "",
    "modified": 1547749945
}