{
    "key": "group_5c409d835ab43",
    "title": "Article Options",
    "fields": [
        {
            "key": "field_5c409daceb612",
            "label": "Style Ordered List",
            "name": "style_ordered_list",
            "type": "true_false",
            "instructions": "",
            "required": 0,
            "conditional_logic": 0,
            "wrapper": {
                "width": "",
                "class": "",
                "id": ""
            },
            "message": "",
            "default_value": 0,
            "ui": 1,
            "ui_on_text": "",
            "ui_off_text": ""
        },
        {
            "key": "field_5c45f7894adc7",
            "label": "Attachments",
            "name": "attachments",
            "type": "repeater",
            "instructions": "",
            "required": 0,
            "conditional_logic": 0,
            "wrapper": {
                "width": "",
                "class": "",
                "id": ""
            },
            "collapsed": "field_5c45f7fd8b744",
            "min": 0,
            "max": 0,
            "layout": "table",
            "button_label": "Add Attachment",
            "sub_fields": [
                {
                    "key": "field_5c45f7fd8b744",
                    "label": "File",
                    "name": "file",
                    "type": "file",
                    "instructions": "",
                    "required": 0,
                    "conditional_logic": 0,
                    "wrapper": {
                        "width": "",
                        "class": "",
                        "id": ""
                    },
                    "return_format": "array",
                    "library": "all",
                    "min_size": "",
                    "max_size": "",
                    "mime_types": ""
                }
            ]
        }
    ],
    "location": [
        [
            {
                "param": "post_type",
                "operator": "==",
                "value": "knowledgebase"
            }
        ]
    ],
    "menu_order": 0,
    "position": "normal",
    "style": "default",
    "label_placement": "left",
    "instruction_placement": "field",
    "hide_on_screen": "",
    "active": 1,
    "description": "",
    "modified": 1551906226
}